<?xml version="1.0" encoding="UTF-8"?>
<configuration>

  <!-- Rootdir của HBase trỏ lên HDFS trong Helm (service namenode của chart) -->
  <property>
    <name>hbase.rootdir</name>
    <value>hdfs://pinpoint-stack-hdfs-namenode:9000/hbase</value>
  </property>

  <!-- Chế độ distributed, dùng HDFS làm storage -->
  <property>
    <name>hbase.cluster.distributed</name>
    <value>true</value>
  </property>

  <!-- ZooKeeper quorum cho HBase trong Helm chart -->
  <property>
    <name>hbase.zookeeper.quorum</name>
    <value>pinpoint-stack-zookeeper</value>
  </property>

  <property>
    <name>hbase.zookeeper.property.clientPort</name>
    <value>2181</value>
  </property>

  <!-- Port UI master/regionserver, dùng cho tham khảo -->
  <property>
    <name>hbase.master.info.port</name>
    <value>16010</value>
  </property>

  <property>
    <name>hbase.regionserver.info.port</name>
    <value>16030</value>
  </property>

  <!-- WAL trên HDFS (tùy chọn, có thể để mặc định) -->
  <property>
    <name>hbase.wal.dir</name>
    <value>hdfs://pinpoint-stack-hdfs-namenode:9000/hbase/WALs</value>
  </property>

</configuration>
